id,title,company,location,posted_date,job_link,scraped_at,is_senior
1,Invoice Clerk,Aftermarket Auto Parts Inc,"393 Maxham Rd # F, Austell, GA 30168",,https://weworkremotely.com/remote-jobs/aftermarket-auto-parts-inc-invoice-clerk,2025-12-02 11:35:57,False
2,Social Media Assistant,Hybrid Electronics Corporation,"411 Wylly Avenue Sanford, Florida 32773",,https://weworkremotely.com/remote-jobs/hybrid-electronics-corporation-social-media-assistant,2025-12-02 11:35:57,False
3,Virtual Assistant,Inizio Evoke,"101 Avenue of the Americas, New York, NY 10013",,https://weworkremotely.com/remote-jobs/inizio-evoke-virtual-assistant,2025-12-02 11:35:58,False
4,Proofreader,City Insurance Group,6 Inverness Court East SUITE 250 Englewood CO 80112,,https://weworkremotely.com/remote-jobs/city-insurance-group-proofreader,2025-12-02 11:35:58,False
5,Data Entry Clerk,LeeC Parts,"1625 Sonny Schulz Blvd Ste J Stevensville, MD 21666",,https://weworkremotely.com/remote-jobs/leec-parts-data-entry-clerk,2025-12-02 11:35:58,False
6,Virtual Assistant,Universal Aviation Solution,New York NY,,https://weworkremotely.com/remote-jobs/universal-aviation-solution-virtual-assistant,2025-12-02 11:35:58,False
7,TikTok Shop Manager (LATAM),Walter,Remote,,https://weworkremotely.com/remote-jobs/walter-tiktok-shop-manager-latam-3,2025-12-02 11:35:58,False
8,Senior Technical SEO - Automation & AI,Interamplify Spain,"Murcia, Spain",,https://weworkremotely.com/remote-jobs/interamplify-spain-senior-technical-seo-automation-ai,2025-12-02 11:35:58,True
9,AI Video Creator,Contra,"San Francisco, CA",,https://weworkremotely.com/remote-jobs/contra-ai-video-creator-1,2025-12-02 11:35:58,False
10,Executive & Personal Virtual Assistant (Remote | Part-Time),Self,Self Employed,,https://weworkremotely.com/remote-jobs/self-executive-personal-virtual-assistant-remote-part-time,2025-12-02 11:35:58,False
11,Data Analytics & CRM Lead – Private Equity Real Estate,Walter,Remote,,https://weworkremotely.com/remote-jobs/walter-data-analytics-crm-lead-private-equity-real-estate,2025-12-02 11:35:58,True
12,Investor Onboarding Specialist – Private Equity Real Estate,Walter,Remote,,https://weworkremotely.com/remote-jobs/walter-investor-onboarding-specialist-private-equity-real-estate,2025-12-02 11:35:58,False
13,Freelance Writer,ProWriterSites,New York,,https://weworkremotely.com/remote-jobs/prowritersites-freelance-writer,2025-12-02 11:35:58,False
14,Billing Representative,Clipboard,California,,https://weworkremotely.com/remote-jobs/clipboard-health-billing-representative,2025-12-02 11:35:58,False
15,Student Representatives,EDUopinions,Andorra,,https://weworkremotely.com/remote-jobs/eduopinions-student-representatives-16,2025-12-02 11:35:58,False
16,Languages teachers,AE Virtual Class S.A,Panama,,https://weworkremotely.com/remote-jobs/ae-virtual-class-s-a-languages-teachers,2025-12-02 11:35:58,False
17,Data Labeler - Food Delivery Platform,Toptal,Remote,,https://weworkremotely.com/remote-jobs/toptal-data-labeler-food-delivery-platform,2025-12-02 11:35:58,False
18,AI Trainer (Multiple Roles) [$50-$200/hr],Helix Recruit,Singapore,,https://weworkremotely.com/remote-jobs/helix-recruit-ai-trainer-multiple-roles-50-200-hr-1,2025-12-02 11:35:58,False
19,"Technical Support Specialist (Remote) - Entry Level, No Degree Required, 15 - 18",NoGigiddy,"Atlanta, Georgia",,https://weworkremotely.com/remote-jobs/nogigiddy-technical-support-specialist-remote-entry-level-no-degree-required-15-18-3,2025-12-02 11:35:58,False
20,Remote Data Entry Clerk,NoGigiddy,"Atlanta, Georgia",,https://weworkremotely.com/remote-jobs/nogigiddy-remote-data-entry-clerk-7,2025-12-02 11:35:58,False
21,E-Commerce Coordinator (Amazon & D2C),Walter,Remote,,https://weworkremotely.com/remote-jobs/walter-e-commerce-coordinator-amazon-d2c,2025-12-02 11:35:58,False
22,Remote Administrative Assistant,NoGigiddy,"Atlanta, Georgia",,https://weworkremotely.com/remote-jobs/nogigiddy-remote-administrative-assistant-4,2025-12-02 11:35:58,False
23,Palantir Foundry & AIP Engineer,Toptal,Remote,,https://weworkremotely.com/remote-jobs/toptal-palantir-foundry-aip-engineer,2025-12-02 11:35:58,False
24,FT/PT Remote AI Prompt Engineering & Evaluation - Will Train,DataAnnotation.tech,"New York, NY",,https://weworkremotely.com/remote-jobs/dataannotation-tech-ft-pt-remote-ai-prompt-engineering-evaluation-will-train,2025-12-02 11:35:58,False
25,Senior Machine Learning Engineer,Zencastr,Zencastr,,https://weworkremotely.com/remote-jobs/zencastr-senior-machine-learning-engineer,2025-12-02 11:35:58,True
26,Remote Inside Sales,Your Resource Group LLC,USA,,https://weworkremotely.com/remote-jobs/your-resource-group-llc-remote-inside-sales,2025-12-02 11:35:58,False
27,Marketing Manager Assistant,Nathan Anthony Furniture,"4940 District Boulevard Vernon, California 90058",,https://weworkremotely.com/remote-jobs/nathan-anthony-furniture-marketing-manager-assistant,2025-12-02 11:35:58,False
28,Head of Content,OnTheGoSystems,Remote,,https://weworkremotely.com/remote-jobs/onthegosystems-head-of-content,2025-12-02 11:35:58,False
29,Appointment Setter,Walter,Remote,,https://weworkremotely.com/remote-jobs/walter-appointment-setter,2025-12-02 11:35:58,False
30,Digital Marketing and Personal Development Leader,Prosperion Co,United States,,https://weworkremotely.com/remote-jobs/prosperion-co-digital-marketing-and-personal-development-leader,2025-12-02 11:35:58,True
31,Senior Amazon Brand Manager,GNO Partners,USA,,https://weworkremotely.com/remote-jobs/gno-partners-senior-amazon-brand-manager-1,2025-12-02 11:35:58,True
32,M&A Consultant,Elkridge Advisors Group,Wyoming,,https://weworkremotely.com/remote-jobs/elkridge-advisors-group-m-a-consultant,2025-12-02 11:35:58,False
33,Account Executive,Arc.dev,Remote,,https://weworkremotely.com/remote-jobs/arc-dev-account-executive,2025-12-02 11:35:58,False
34,Inside Sales Contractor,Report Owl LLC,USA,,https://weworkremotely.com/remote-jobs/report-owl-llc-inside-sales-contractor,2025-12-02 11:35:58,False
35,"Video Editor (HeyGen, ElevenLabs, Veo3)",Forward Push Law Firm Marketing,United States,,https://weworkremotely.com/remote-jobs/forward-push-law-firm-marketing-video-editor-heygen-elevenlabs-veo3,2025-12-02 11:35:58,False
36,Remote Inside Sales,Report Owl LLC,USA,,https://weworkremotely.com/remote-jobs/report-owl-llc-remote-inside-sales-3,2025-12-02 11:35:58,False
37,Business Development Partner – Remote,Upward Pathway,"Paris, France (Remote)",,https://weworkremotely.com/remote-jobs/upward-pathway-business-development-partner-remote,2025-12-02 11:35:58,False
38,Account Executive (North America),Toggl,"Tallinn, Estonia",,https://weworkremotely.com/remote-jobs/toggl-account-executive-north-america,2025-12-02 11:35:58,False
39,Amazon & Walmart PPC Advertising – Account Manager,Amazowl,"Dublin, Ireland",,https://weworkremotely.com/remote-jobs/amazowl-amazon-walmart-ppc-advertising-account-manager,2025-12-02 11:35:58,False
40,Inbound/Outbound Sales - Remote - English language,Golf Carts of ATX,"Austin, TX",,https://weworkremotely.com/remote-jobs/golf-carts-of-atx-inbound-outbound-sales-remote-english-language-1,2025-12-02 11:35:58,False
41,Blog Writer,Artificial Grass Pros,"4361 S Congress Ave unit 601, Austin, TX 78745",,https://weworkremotely.com/remote-jobs/artificial-grass-pros-blog-writer,2025-12-02 11:35:58,False
42,Sales Development Representative (Global),Prospect,"Waterloo, Canada",,https://weworkremotely.com/remote-jobs/prospect-sales-development-representative-global,2025-12-02 11:35:58,False
43,Blog Writer,Buy Shrooms,"Vancouver, Canada",,https://weworkremotely.com/remote-jobs/buy-shrooms-blog-writer,2025-12-02 11:35:58,False
44,Creator Partnerships Specialist,Supercast,Online (Fully Remote),,https://weworkremotely.com/remote-jobs/supercast-creator-partnerships-specialist,2025-12-02 11:35:58,False
45,Remote Virtual Assistant for US House Cleaning Company,Debbies House Cleaning,USA,,https://weworkremotely.com/remote-jobs/debbies-house-cleaning-remote-virtual-assistant-for-us-house-cleaning-company,2025-12-02 11:35:58,False
46,Social Media Manager,Community Phone,San Francisco,,https://weworkremotely.com/remote-jobs/community-phone-social-media-manager,2025-12-02 11:35:58,False
47,SEO Manager - 1 Person Lead Generation Army,Evaboot,Remote,,https://weworkremotely.com/remote-jobs/evaboot-seo-manager-1-person-lead-generation-army,2025-12-02 11:35:58,True
48,Account Executive,ScholarshipOwl,Remote,,https://weworkremotely.com/remote-jobs/scholarshipowl-account-executive,2025-12-02 11:35:58,False
49,Account Executive (EMEA),Float,Remote,,https://weworkremotely.com/remote-jobs/float-account-executive-emea-2,2025-12-02 11:35:58,False
50,Experiential Sales Executive,MC2,"Paramus, New Jersey",,https://weworkremotely.com/remote-jobs/mc2-experiential-sales-executive,2025-12-02 11:35:58,False
51,PHP Developer (Latin America),OnTheGoSystems,Remote,,https://weworkremotely.com/remote-jobs/onthegosystems-php-developer-latin-america,2025-12-02 11:35:58,False
52,Python Developer,OnTheGoSystems,Remote,,https://weworkremotely.com/remote-jobs/onthegosystems-python-developer,2025-12-02 11:35:58,False
53,Backend Java Developer,Toptal,Remote,,https://weworkremotely.com/remote-jobs/toptal-backend-java-developer,2025-12-02 11:35:58,False
54,Senior Backend Engineer,Toggl,"Tallinn, Estonia",,https://weworkremotely.com/remote-jobs/toggl-senior-backend-engineer-4,2025-12-02 11:35:58,True
55,Senior Backend Engineer - Full Remote,Zencastr,Zencastr,,https://weworkremotely.com/remote-jobs/zencastr-senior-backend-engineer-full-remote,2025-12-02 11:35:58,True
56,DevOps Engineer (C#/.NET Focus),Walter,Remote,,https://weworkremotely.com/remote-jobs/walter-devops-engineer-c-net-focus,2025-12-02 11:35:58,False
57,Senior Data Scientist,BaxEnergy,"Acireale, Italy",,https://weworkremotely.com/remote-jobs/baxenergy-senior-data-scientist-1,2025-12-02 11:35:58,True
58,Applied AI Engineer Consultant,Bitovi,Chicago,,https://weworkremotely.com/remote-jobs/bitovi-applied-ai-engineer-consultant,2025-12-02 11:35:58,False
59,Senior Software Engineer - Backend/Python - USA Only (100% Remote),Close,USA,,https://weworkremotely.com/remote-jobs/close-senior-software-engineer-backend-python-usa-only-100-remote-1,2025-12-02 11:35:58,True
60,Senior Python Engineer,Valory AG,"Zug, Switzerland",,https://weworkremotely.com/remote-jobs/valory-ag-senior-python-engineer,2025-12-02 11:35:58,True
61,Senior Backend Engineer,Proton.ai,"Cambridge, MA",,https://weworkremotely.com/remote-jobs/proton-ai-senior-backend-engineer,2025-12-02 11:35:58,True
62,Senior Golang Developer,Lemon.io,"New York, NY",,https://weworkremotely.com/remote-jobs/lemon-io-senior-golang-developer,2025-12-02 11:35:58,True
63,Senior Backend Developer (Python),Proxify AB,Sweden,,https://weworkremotely.com/remote-jobs/proxify-ab-senior-backend-developer-python-4,2025-12-02 11:35:58,True
64,Full Stack Developer,Nova,"Toronto, Canada",,https://weworkremotely.com/remote-jobs/nova-full-stack-developer,2025-12-02 11:35:58,False
65,Lead Backend Engineer (Python/Django),Search Atlas,"New York, NY",,https://weworkremotely.com/remote-jobs/search-atlas-lead-backend-engineer-python-django,2025-12-02 11:35:58,True
66,Forward Deployed Backend Software Engineer,H2Corporation,"Tokyo, Japan",,https://weworkremotely.com/remote-jobs/h2corporation-forward-deployed-backend-software-engineer,2025-12-02 11:35:58,False
67,Remote Customer Support - $20/hr - United States,Remote Talent Cloud,"Cheyenne, WY",,https://weworkremotely.com/remote-jobs/remote-talent-cloud-remote-customer-support-20-hr-united-states-1,2025-12-02 11:35:58,False
68,Customer Service Representative,LeisureMod Furniture,"158 Mill St, Rahway New Jersey, 07065",,https://weworkremotely.com/remote-jobs/leisuremod-furniture-customer-service-representative,2025-12-02 11:35:58,False
69,Client Support Specialist (Healthcare Facilities - B2B),Clipboard,,,https://weworkremotely.com/remote-jobs/clipboard-client-support-specialist-healthcare-facilities-b2b,2025-12-02 11:35:59,False
70,Senior Account Manager,Madeo,"Brooklyn, NY",,https://weworkremotely.com/remote-jobs/madeo-senior-account-manager,2025-12-02 11:35:59,True
71,"Live Technical Support Representative — Full-Time (40 hrs/week, Sat–Sun required, Tues-Wed off) — $40,000/year + Benefits — Locations: CA, ID, OR, TX, WA",Porkbun,Oregon USA,,https://weworkremotely.com/remote-jobs/porkbun-live-technical-support-representative-full-time-40-hrs-week-sat-sun-required-tues-wed-off-40-000-year,2025-12-02 11:35:59,False
72,"Remote Customer Support Representative, Tax Software",Working Solutions,Texas,,https://weworkremotely.com/remote-jobs/working-solutions-remote-customer-support-representative-tax-software,2025-12-02 11:35:59,False
73,Remote Customer Success Specialist,NoGigiddy,"Atlanta, Georgia",,https://weworkremotely.com/remote-jobs/nogigiddy-remote-customer-success-specialist-6,2025-12-02 11:35:59,False
74,"Chat Support Agent (Remote) - Entry Level, No Degree Required - 15 - 18 per Hour",NoGigiddy,"Atlanta, Georgia",,https://weworkremotely.com/remote-jobs/nogigiddy-chat-support-agent-remote-entry-level-no-degree-required-15-18-6,2025-12-02 11:35:59,False
75,Remote Customer Service Rep Up to 19hour No Degree Needed,NoGigiddy,"Atlanta, Georgia",,https://weworkremotely.com/remote-jobs/nogigiddy-remote-customer-service-rep-up-to-19hour-no-degree-needed-2,2025-12-02 11:35:59,False
76,Customer Support Specialist | Crypto iGaming Platform,Whale Season,Costa Rica,,https://weworkremotely.com/remote-jobs/whale-season-customer-support-specialist-crypto-igaming-platform,2025-12-02 11:35:59,False
77,CRM Manager,Goodjuju Marketing,"Lehi, UT USA",,https://weworkremotely.com/remote-jobs/goodjuju-marketing-crm-manager,2025-12-02 11:35:59,False
78,Remote Customer Support Representative (Honduras),Flight CX,Remote,,https://weworkremotely.com/remote-jobs/flight-cx-remote-customer-support-representative-honduras,2025-12-02 11:35:59,False
79,Customer Service Representative,Solid Commerce,US,,https://weworkremotely.com/remote-jobs/solid-commerce-customer-service-representative-2,2025-12-02 11:35:59,False
80,Customer Onboarding Specialist for Company Incorporations (Full Time),Flag Theory,Remote,,https://weworkremotely.com/remote-jobs/flag-theory-customer-onboarding-specialist-for-company-incorporations-full-time-1,2025-12-02 11:35:59,False
81,Online Sales Manager,RedFox Agency,London,,https://weworkremotely.com/remote-jobs/redfox-agency-online-sales-manager,2025-12-02 11:35:59,False
82,Customer Service Director Full Time Role,Sienna Charles LLC,New York,,https://weworkremotely.com/remote-jobs/sienna-charles-llc-customer-service-director-full-time-role,2025-12-02 11:35:59,False
83,Admin and Support Specialist,IxDF - Interaction Design Foundation,Denmark,,https://weworkremotely.com/remote-jobs/ixdf-interaction-design-foundation-admin-and-support-specialist-3,2025-12-02 11:35:59,False
84,Customer service representative (US based),Onepilot,Paris,,https://weworkremotely.com/remote-jobs/onepilot-customer-service-representative-us-based,2025-12-02 11:35:59,False
85,Remote Tax Product Support Agent (US),Liveops,"Scottsdale, AZ",,https://weworkremotely.com/remote-jobs/liveops-remote-tax-product-support-agent-us,2025-12-02 11:35:59,False
86,Remote Customer Service (Chat),Limitless Technology,London,,https://weworkremotely.com/remote-jobs/limitless-technology-remote-customer-service-chat,2025-12-02 11:35:59,False
87,Customer Support Advisor,NewtonX,"New York, NY",,https://weworkremotely.com/remote-jobs/newtonx-customer-support-advisor,2025-12-02 11:35:59,False
88,Support Engineer,UserScape Inc,"Poughkeepsie, New York",,https://weworkremotely.com/remote-jobs/userscape-inc-support-engineer,2025-12-02 11:35:59,False
89,Customer Support Representative - Egypt,Community Phone,San Francisco,,https://weworkremotely.com/remote-jobs/community-phone-customer-support-representative-egypt,2025-12-02 11:35:59,False
90,Enterprise Account Executive - UK Market,Brevo,Remote UK,,https://weworkremotely.com/remote-jobs/brevo-enterprise-account-executive-uk-market,2025-12-02 11:35:59,False
91,Real Estate CRM & Marketing Coordinator,Assistantly,Philippines,,https://weworkremotely.com/remote-jobs/assistantly-real-estate-crm-marketing-coordinator,2025-12-02 11:35:59,False
92,Remote Payroll Clerk,SCCPA,"Fairlawn, OH",,https://weworkremotely.com/remote-jobs/sccpa-remote-payroll-clerk,2025-12-02 11:35:59,False
93,M&A Onboarding Specialist,Elkridge Advisors Group,Wyoming,,https://weworkremotely.com/remote-jobs/elkridge-advisors-group-m-a-onboarding-specialist,2025-12-02 11:35:59,False
94,"Tech + Ops Specialist (No-Code Automations, Full-Stack, Go High Level, EA Support)",Salt Cinema,"Lehi, Utah",,https://weworkremotely.com/remote-jobs/salt-cinema-tech-ops-specialist-no-code-automations-full-stack-go-high-level-ea-support,2025-12-02 11:35:59,False
95,Operations & Finance Assistant (German Speaking),Longship Marketing,Remote,,https://weworkremotely.com/remote-jobs/longship-marketing-operations-finance-assistant-german-speaking,2025-12-02 11:35:59,False
96,Operations Manager Full Time Role,Sienna Charles LLC,New York,,https://weworkremotely.com/remote-jobs/sienna-charles-llc-operations-manager-full-time-role,2025-12-02 11:35:59,False
97,People Operations Leader - Full Time,Sienna Charles LLC,New York,,https://weworkremotely.com/remote-jobs/sienna-charles-llc-people-operations-leader-full-time,2025-12-02 11:35:59,True
98,Marketing Automation SaaS + Services Line of Business Owner,New Law Business Model,"Boulder, CO",,https://weworkremotely.com/remote-jobs/new-law-business-model-marketing-automation-saas-services-line-of-business-owner,2025-12-02 11:35:59,False
99,Business Operations Coordinator,For People,"Arlington, Virginia, United States",,https://weworkremotely.com/remote-jobs/for-people-business-operations-coordinator,2025-12-02 11:35:59,False
100,Financial Operations Associate,Salesberry Group,"Chicago, Illinois",,https://weworkremotely.com/remote-jobs/salesberry-group-financial-operations-associate,2025-12-02 11:35:59,False
101,"Senior, Program Manager (Creative Services)",SketchDeck,United States,,https://weworkremotely.com/remote-jobs/sketchdeck-senior-program-manager-creative-services,2025-12-02 11:35:59,True
102,WSO Mentor,Wall Street Oasis,"Saratoga, California, United States",,https://weworkremotely.com/remote-jobs/wall-street-oasis-wso-mentor,2025-12-02 11:35:59,False
103,Forex & Crypto Trader – Remote,Maverick Trading,"Salt Lake City, UT, USA",,https://weworkremotely.com/remote-jobs/maverick-trading-forex-crypto-trader-remote-1,2025-12-02 11:35:59,False
104,Senior Cloud Engineer - Product Metrics,ClickHouse,Canada (remote),,https://weworkremotely.com/remote-jobs/clickhouse-senior-cloud-engineer-product-metrics,2025-12-02 11:35:59,True
105,Director of Product Management,Moniepoint,"Remote, Nigeria",,https://weworkremotely.com/remote-jobs/moniepoint-director-of-product-management,2025-12-02 11:35:59,False
106,Business Analyst Tax MKB Accountancy & Advies,Deloitte Netherlands,"Maastoren, Wilhelminakade 1, 3072 AP Rotterdam, Nederland",,https://weworkremotely.com/remote-jobs/deloitte-netherlands-business-analyst-tax-mkb-accountancy-advies,2025-12-02 11:35:59,False
107,Virtual Financial Advisor,Citizens Financial Group,United States,,https://weworkremotely.com/remote-jobs/citizens-financial-group-virtual-financial-advisor,2025-12-02 11:35:59,False
108,Life Insurance Sales Agent,Peterson Agency,Remote,,https://weworkremotely.com/remote-jobs/peterson-agency-life-insurance-sales-agent,2025-12-02 11:35:59,False
109,Customer Service Sales Manager,UniTrust Financial Group,"Melbourne, FL",,https://weworkremotely.com/remote-jobs/unitrust-financial-group-customer-service-sales-manager,2025-12-02 11:35:59,False
110,Virtual Sales Manager � Remote,UniTrust Financial Group,"Melbourne, FL",,https://weworkremotely.com/remote-jobs/unitrust-financial-group-virtual-sales-manager-remote,2025-12-02 11:35:59,False
111,Service Associate - Series 7 & 63 Required,Raymond James,Remote Florida - United States,,https://weworkremotely.com/remote-jobs/raymond-james-service-associate-series-7-63-required,2025-12-02 11:35:59,False
112,Senior Staff Software Engineer,Galileo Financial Technologies,US - Remote,,https://weworkremotely.com/remote-jobs/galileo-financial-technologies-senior-staff-software-engineer,2025-12-02 11:35:59,True
113,"Finance, Supply Chain and General Operations Service Delivery Manager",Hitachi,"Remote - Staffordshire, United Kingdom",,https://weworkremotely.com/remote-jobs/hitachi-finance-supply-chain-and-general-operations-service-delivery-manager,2025-12-02 11:35:59,False
114,"Business Analyst, Financial Systems",Brandt Information Services,Remote,,https://weworkremotely.com/remote-jobs/brandt-information-services-business-analyst-financial-systems,2025-12-02 11:35:59,False
115,Financial Education Project Manager- US Virtual,Alight Solutions,US-NC-North Carolina-Virtual,,https://weworkremotely.com/remote-jobs/alight-solutions-financial-education-project-manager-us-virtual,2025-12-02 11:35:59,False
116,"Sales Engineer, Enterprise - Heartlands",Zscaler,"Remote - Wisconsin, USA",,https://weworkremotely.com/remote-jobs/zscaler-sales-engineer-enterprise-heartlands,2025-12-02 11:35:59,False
117,Graphic Designer,Ashcroft Furniture,"1403 Gillingham Lane, Unit 100 Sugar Land, TX 77478",,https://weworkremotely.com/remote-jobs/ashcroft-furniture-graphic-designer,2025-12-02 11:35:59,False
118,AI Visual Designer,Contra,"San Francisco, CA",,https://weworkremotely.com/remote-jobs/contra-ai-visual-designer,2025-12-02 11:35:59,False
119,Senior Art Director,Ketone-IQ,"Los Angeles, CA, USA",,https://weworkremotely.com/remote-jobs/ketone-iq-senior-art-director,2025-12-02 11:35:59,True
120,Blog Writer,DFW Turf Solutions,"4700 US-377 Building 6B, Krugerville, TX 76227, United States",,https://weworkremotely.com/remote-jobs/dfw-turf-solutions-blog-writer,2025-12-02 11:35:59,False
121,Video Producer,SEOptimer,Singapore,,https://weworkremotely.com/remote-jobs/seoptimer-video-producer,2025-12-02 11:35:59,False
122,Senior Product Designer,Nearcut,"Berlin, Germany",,https://weworkremotely.com/remote-jobs/nearcut-senior-product-designer,2025-12-02 11:35:59,True
123,Marketing Designer & Developer (UI/UX),Filestage,Remote,,https://weworkremotely.com/remote-jobs/filestage-marketing-designer-developer-ui-ux,2025-12-02 11:35:59,False
124,Senior Designer,Sumble,USA,,https://weworkremotely.com/remote-jobs/sumble-senior-designer,2025-12-02 11:35:59,True
125,UI/UX Designer,Spiralyze,"Atlanta, Georgia",,https://weworkremotely.com/remote-jobs/spiralyze-ui-ux-designer-2,2025-12-02 11:35:59,False
126,Senior Product Designer,Search Dates,Europe,,https://weworkremotely.com/remote-jobs/search-dates-senior-product-designer,2025-12-02 11:35:59,True
127,Graphic Designer/Social Media Manager,BBE Marketing Inc,"Hurst, TX",,https://weworkremotely.com/remote-jobs/bbe-marketing-inc-graphic-designer-social-media-manager,2025-12-02 11:35:59,False
128,Product Designer Lead - UI/UX,Binance,Global,,https://weworkremotely.com/remote-jobs/binance-product-designer-lead-ui-ux,2025-12-02 11:35:59,True
129,"Lead Engineer – I&C Systems Design (Remote Eligible, U.S.)",GE Vernova,Wilmington NC USA,,https://weworkremotely.com/remote-jobs/ge-vernova-lead-engineer-i-c-systems-design-remote-eligible-u-s,2025-12-02 11:35:59,True
130,Senior Python Backend Engineer (m/f/x),Makersite,"BE, Germany",,https://weworkremotely.com/remote-jobs/makersite-senior-python-backend-engineer-m-f-x,2025-12-02 11:35:59,True
131,Technical Design Internship (m/f/div.),Keenfinity,"EN 109 - Zona Industrial de Ovar, Lugar da Pardala, Aveiro, Ovar, Portugal",,https://weworkremotely.com/remote-jobs/keenfinity-technical-design-internship-m-f-div,2025-12-02 11:35:59,False
132,Web Design Engineer - #34609,Manila Recruitment,Philippines,,https://weworkremotely.com/remote-jobs/manila-recruitment-web-design-engineer-34609,2025-12-02 11:35:59,False
133,Graphic Design Intern,TruePoint Communications,"Dallas, TX",,https://weworkremotely.com/remote-jobs/truepoint-communications-graphic-design-intern,2025-12-02 11:35:59,False
134,Data Center Structured Cabling Design Phase Manager I,Mortenson,"MN, United States",,https://weworkremotely.com/remote-jobs/mortenson-data-center-structured-cabling-design-phase-manager-i,2025-12-02 11:35:59,False
135,Lifecycle Marketing Manager,Houzz,Remote - US,,https://weworkremotely.com/remote-jobs/houzz-lifecycle-marketing-manager,2025-12-02 11:35:59,False
136,Regional Account Executive - North Region,CannonDesign,United States - Remote,,https://weworkremotely.com/remote-jobs/cannondesign-regional-account-executive-north-region,2025-12-02 11:35:59,False
137,Applied AI Engineer,Growth Factory Ventures,California,,https://weworkremotely.com/remote-jobs/growth-factory-ventures-applied-ai-engineer,2025-12-02 11:35:59,False
138,Senior Full-stack Developer,Lemon.io,"New York, NY",,https://weworkremotely.com/remote-jobs/lemon-io-senior-full-stack-developer-6,2025-12-02 11:35:59,True
139,Android Engineer 80-100% (f/m/x),comparis.ch,Zuerich,,https://weworkremotely.com/remote-jobs/comparis-ch-android-engineer-80-100-f-m-x,2025-12-02 11:35:59,False
140,Software engineer,Sticker Mule,"New York, NY",,https://weworkremotely.com/remote-jobs/sticker-mule-software-engineer-1,2025-12-02 11:35:59,False
141,Senior Engineer - Fullstack,Chipcolate,Milan,,https://weworkremotely.com/remote-jobs/chipcolate-senior-engineer-fullstack,2025-12-02 11:35:59,True
142,C# / .Net developer,AEXGroup,"Aston, PA",,https://weworkremotely.com/remote-jobs/aexgroup-csharp-net-developer,2025-12-02 11:35:59,False
143,WordPress Full-Stack Developer,WPForms,"West Palm Beach, Florida, United States",,https://weworkremotely.com/remote-jobs/wpforms-wordpress-full-stack-developer,2025-12-02 11:35:59,False
144,Android Developer,Toptal,Remote,,https://weworkremotely.com/remote-jobs/toptal-android-developer-1,2025-12-02 11:36:00,False
145,Lead Mobile Developer/ Tech Lead,Toptal,Remote,,https://weworkremotely.com/remote-jobs/toptal-lead-mobile-developer-tech-lead,2025-12-02 11:36:00,True
146,Senior Fullstack Developer,Zencastr,Zencastr,,https://weworkremotely.com/remote-jobs/zencastr-senior-fullstack-developer,2025-12-02 11:36:00,True
147,Ruby on Rails Engineer with Shopify App Experience,Rivo Commerce,United States,,https://weworkremotely.com/remote-jobs/rivo-commerce-ruby-on-rails-engineer-with-shopify-app-experience-2,2025-12-02 11:36:00,False
148,Full Stack Developer (all genders),SocialHub,Ingolstadt (HQ),,https://weworkremotely.com/remote-jobs/socialhub-full-stack-developer-all-genders,2025-12-02 11:36:00,False
149,Senior Full-Stack TypeScript Engineer (NestJS + React) – SaaS Platform,Enrollio,"Virginia, USA",,https://weworkremotely.com/remote-jobs/enrollio-senior-full-stack-typescript-engineer-nestjs-react-saas-platform,2025-12-02 11:36:00,True
150,Lead Software Engineer,Perfect (Stealth Technology Startup),"New York, NY",,https://weworkremotely.com/remote-jobs/perfect-stealth-technology-startup-lead-software-engineer,2025-12-02 11:36:00,True
151,Senior Laravel Developer & Technical Lead,Prat City LLC,Pasadena,,https://weworkremotely.com/remote-jobs/prat-city-llc-senior-laravel-developer-technical-lead,2025-12-02 11:36:00,True
152,Product Engineer - Data Modeling,PostHog,San Francisco,,https://weworkremotely.com/remote-jobs/posthog-product-engineer-data-modeling,2025-12-02 11:36:00,False
153,AI Product Engineer,PostHog,San Francisco,,https://weworkremotely.com/remote-jobs/posthog-ai-product-engineer,2025-12-02 11:36:00,False
154,"Experienced Full-Stack Software Engineer (.NET/React), 80–100% (f/m/x), fully remote",comparis.ch,Zuerich,,https://weworkremotely.com/remote-jobs/comparis-ch-experienced-full-stack-software-engineer-net-react-80-100-f-m-x-fully-remote,2025-12-02 11:36:00,False
155,Senior Software Engineer - Renewable Energy Software,BaxEnergy,"Acireale, Italy",,https://weworkremotely.com/remote-jobs/baxenergy-senior-software-engineer-renewable-energy-software,2025-12-02 11:36:00,True
156,Player-Coach Engineering Team Lead,Silverfin,"Gent, Belgium",,https://weworkremotely.com/remote-jobs/silverfin-player-coach-engineering-team-lead,2025-12-02 11:36:00,True
157,Senior Software Engineer (React/React Native),CompanyCam,"Lincoln, Nebraska",,https://weworkremotely.com/remote-jobs/companycam-senior-software-engineer-react-react-native,2025-12-02 11:36:00,True
158,Senior Software Engineer,Stellar AI,London,,https://weworkremotely.com/remote-jobs/stellar-ai-senior-software-engineer,2025-12-02 11:36:00,True
159,Senior / Principal Software Engineer,Weflow,Germany Berlin,,https://weworkremotely.com/remote-jobs/weflow-senior-principal-software-engineer,2025-12-02 11:36:00,True
160,Senior Full-Stack Engineer,Spear AI,"Washington, D.C.",,https://weworkremotely.com/remote-jobs/spear-ai-senior-full-stack-engineer,2025-12-02 11:36:00,True
161,Full Stack Javascript Developer (Shape Up + Small team),Inovo Studios,"Nashville, TN",,https://weworkremotely.com/remote-jobs/inovo-studios-full-stack-javascript-developer-shape-up-small-team-1,2025-12-02 11:36:00,False
162,Head of Product,Toggl,"Tallinn, Estonia",,https://weworkremotely.com/remote-jobs/toggl-head-of-product-1,2025-12-02 11:36:00,False
163,QA Analyst,Wealthbox CRM,Remote,,https://weworkremotely.com/remote-jobs/wealthbox-crm-qa-analyst,2025-12-02 11:36:00,False
164,Senior Independent Product Manager/Product Designer ($90-$170/hr),A.Team,"NYC, SF, and TLV",,https://weworkremotely.com/remote-jobs/a-team-senior-independent-product-manager-product-designer-90-170-hr,2025-12-02 11:36:00,True
165,Director of E-commerce and Technology (Remote),Valentina Kova,New York,,https://weworkremotely.com/remote-jobs/valentina-kova-director-of-e-commerce-and-technology-remote,2025-12-02 11:36:00,False
166,Corporate Counsel (M&A and SaaS),Sphera,GB Remote,,https://weworkremotely.com/remote-jobs/sphera-corporate-counsel-m-a-and-saas,2025-12-02 11:36:00,False
167,Solution Assessment Consultant,Apeiron Sumus,Remote,,https://weworkremotely.com/remote-jobs/apeiron-sumus-solution-assessment-consultant,2025-12-02 11:36:00,False
168,Sr. Associate Administrator,Rimini Street,Remote Brazil,,https://weworkremotely.com/remote-jobs/rimini-street-sr-associate-administrator,2025-12-02 11:36:00,True
169,Senior Data Scientist NLP/GenAI - Catalog,Labs,Remote - France,,https://weworkremotely.com/remote-jobs/labs-senior-data-scientist-nlp-genai-catalog,2025-12-02 11:36:00,True
170,Product Owner,Machinio,"Chicago, IL",,https://weworkremotely.com/remote-jobs/machinio-product-owner-1,2025-12-02 11:36:00,False
171,QA Engineer,Softswiss,"Palmira Toljatija 9 Beograd, 11070 Serbia",,https://weworkremotely.com/remote-jobs/softswiss-qa-engineer,2025-12-02 11:36:00,False
172,Senior Enterprise Risk Manager,Paddle,UK,,https://weworkremotely.com/remote-jobs/paddle-senior-enterprise-risk-manager,2025-12-02 11:36:00,True
173,Case Analysis Intern,Springworks,Remote,,https://weworkremotely.com/remote-jobs/springworks-case-analysis-intern,2025-12-02 11:36:00,False
174,DMO148 | Fractional Marketing Operations Director - B2B SaaS Scaleup,MilestoneIQ,Remote,,https://weworkremotely.com/remote-jobs/milestoneiq-dmo148-fractional-marketing-operations-director-b2b-saas-scaleup,2025-12-02 11:36:00,False
175,Full Stack Developer - Remote/SaaS (m/f/d),SocialHub,Ingolstadt (HQ),,https://weworkremotely.com/remote-jobs/socialhub-full-stack-developer-remote-saas-m-f-d-1,2025-12-02 11:36:00,False
176,"Client Success Manager (Central, Mountain, or Pacific US Time Zone)",ClearGov,Remote,,https://weworkremotely.com/remote-jobs/cleargov-client-success-manager-central-mountain-or-pacific-us-time-zone,2025-12-02 11:36:00,False
177,Commercial Account Executive,Reco,"Wilmington, Delaware, 19801, Israel",,https://weworkremotely.com/remote-jobs/reco-commercial-account-executive,2025-12-02 11:36:00,False
178,Head of RevOps,Reco,"Wilmington, Delaware, 19801, Israel",,https://weworkremotely.com/remote-jobs/reco-head-of-revops,2025-12-02 11:36:00,False
179,Vice President of Engineering (USA),H2Corporation,"Tokyo, Japan",,https://weworkremotely.com/remote-jobs/h2corporation-vice-president-of-engineering-usa,2025-12-02 11:36:00,False
180,Product Manager AI desktop app - 100% remote,M3 Software Solutions,"San Francisco, California",,https://weworkremotely.com/remote-jobs/m3-software-solutions-product-manager-ai-desktop-app-100-remote,2025-12-02 11:36:00,False
181,Senior Site Reliability Engineer (SRE),CloudDevs,San Francisco,,https://weworkremotely.com/remote-jobs/clouddevs-senior-site-reliability-engineer-sre,2025-12-02 11:36:00,True
182,Senior SRE,Chipcolate,Milan,,https://weworkremotely.com/remote-jobs/chipcolate-senior-sre,2025-12-02 11:36:00,True
183,Senior DevOps Engineer,Marketerx,"Nashville, TN",,https://weworkremotely.com/remote-jobs/marketerx-senior-devops-engineer,2025-12-02 11:36:00,True
184,Senior DevOps Engineer (AWS),Proxify AB,Sweden,,https://weworkremotely.com/remote-jobs/proxify-ab-senior-devops-engineer-aws-4,2025-12-02 11:36:00,True
185,Senior Node.js Engineer,Kodify Media Group,"Barcelona, Spain",,https://weworkremotely.com/remote-jobs/kodify-media-group-senior-node-js-engineer,2025-12-02 11:36:00,True
186,DevOps,Inetum Spain,"Barcelona , Tarragona, Cataluña, España",,https://weworkremotely.com/remote-jobs/inetum-spain-devops,2025-12-02 11:36:00,False
187,Senior DevOps Engineer (gn) Azure,workidentity,"Hamburg, Hamburg / Berlin / Remote",,https://weworkremotely.com/remote-jobs/workidentity-senior-devops-engineer-gn-azure,2025-12-02 11:36:00,True
188,DevOps Engineer,Trapeze,"Poland, Virtual",,https://weworkremotely.com/remote-jobs/trapeze-devops-engineer,2025-12-02 11:36:00,False
189,"Sr. Manager, DevOps and AWS Infrastructure",Material Bank,Remote,,https://weworkremotely.com/remote-jobs/material-bank-sr-manager-devops-and-aws-infrastructure,2025-12-02 11:36:00,True
190,DevOps Engineer,Leonardo.Ai,Australia (Remote),,https://weworkremotely.com/remote-jobs/leonardo-ai-devops-engineer,2025-12-02 11:36:00,False
191,Operations Systems & Data Coordinator,Awe Inspired,"Los Angeles, CA",,https://weworkremotely.com/remote-jobs/awe-inspired-operations-systems-data-coordinator,2025-12-02 11:36:00,False
192,Senior Software Engineer - DevOps,Shopmonkey,Remote - Massachusetts,,https://weworkremotely.com/remote-jobs/shopmonkey-senior-software-engineer-devops,2025-12-02 11:36:00,True
193,DevOps Engineer,Watts Water,United States Remote,,https://weworkremotely.com/remote-jobs/watts-water-devops-engineer,2025-12-02 11:36:00,False
194,Cloud & DevOps Engineer,RegScale,"Boston, Massachusetts, United States; Knoxville, Tennessee, United States; Remote; Tysons, Virginia, United States",,https://weworkremotely.com/remote-jobs/regscale-cloud-devops-engineer,2025-12-02 11:36:00,False
195,Senior DevOps Engineer,Jobgether,United States,,https://weworkremotely.com/remote-jobs/jobgether-senior-devops-engineer,2025-12-02 11:36:00,True
196,"U.S., DevOps Engineer - Infrastructure & Cloud Platforms",Zoic Studios,Remote,,https://weworkremotely.com/remote-jobs/zoic-studios-u-s-devops-engineer-infrastructure-cloud-platforms,2025-12-02 11:36:00,False
197,Frontend Engineer,Mobena,"New York, NY",,https://weworkremotely.com/remote-jobs/mobena-frontend-engineer,2025-12-02 11:36:00,False
198,Senior Front-End Wordpress Developer – Tailwind Specialist,LLCU University,Florida,,https://weworkremotely.com/remote-jobs/llcu-university-senior-front-end-wordpress-developer-tailwind-specialist,2025-12-02 11:36:00,True
199,"Software Engineer, iOS Core Product",Speechify Inc,Florida,,https://weworkremotely.com/remote-jobs/speechify-inc-software-engineer-ios-core-product,2025-12-02 11:36:00,False
200,Senior Web Developer (m/f/x),ARRK Engineering,"Cluj-Napoca, 400254 Romania",,https://weworkremotely.com/remote-jobs/arrk-engineering-senior-web-developer-m-f-x,2025-12-02 11:36:00,True
201,Web developer,Zigsaw,Remote,,https://weworkremotely.com/remote-jobs/zigsaw-web-developer,2025-12-02 11:36:00,False
202,Senior Data Engineer,MWDN,Ukraine,,https://weworkremotely.com/remote-jobs/mwdn-senior-data-engineer,2025-12-02 11:36:00,True
203,Website Designer (Georgia),24 Hours Group,Remote,,https://weworkremotely.com/remote-jobs/24-hours-group-website-designer-georgia,2025-12-02 11:36:00,False
204,Senior Web Developer (Remote),Aisling Group,"Kuala Lumpur, Federal Territory of Kuala Lumpur, Malaysia",,https://weworkremotely.com/remote-jobs/aisling-group-senior-web-developer-remote,2025-12-02 11:36:00,True
205,Product Manager (m/f),House of Code,Remote,,https://weworkremotely.com/remote-jobs/house-of-code-product-manager-m-f,2025-12-02 11:36:00,False
206,Website Designer,Nightingale,Remote,,https://weworkremotely.com/remote-jobs/nightingale-website-designer,2025-12-02 11:36:00,False
